,c1,c2,c3,c4,c5,c6,c7,c8,c9,c10,c11,c12,RF,RH,LF,LH
0,1.933878,44.552814,78.56427,-11.895844,-171.288605,-31.918102,3.788892,176.291565,-37.1115,-1.92066,-94.573807,140.03302,8.911761828,-0.0028653080000000013,0.026555880100000005,2.187248932
1,0.580164,51.025845,25.452282,45.389248,-166.249588,9.254569,3.019668,94.313469,-114.698448,16.370802,16.819855,38.243908,9.9551394411677,0.010078726881987575,0.007161913717391316,4.78607552162795
2,0.174049,-304.802277,-33.790314,15.499775,-149.673889,31.021372,-4.743099,-94.10096,-40.058533,14.326241,55.886959,118.804176,8.796200816670808,0.022057835149068335,0.025093867424223634,6.846709476352174
3,0.052215,-196.888687,65.182907,4.649933,-29.838169,-73.545586,-1.42293,-169.455276,70.834435,21.244873,45.011089,101.546249,5.1605983813664595,0.006275033944099378,-0.0011441857739130515,6.052531877408694
4,0.015664,-140.035614,89.225868,1.39498,-16.483452,64.554329,-0.426879,-60.251587,-101.144669,0.724463,182.973328,13.516876,0.990385505366461,-0.012798834291925435,-0.01236967425093168,3.640936693977637
5,0.004699,-141.809692,-52.318237,0.418494,108.034966,25.015299,-0.128064,-63.267475,9.199598,-3.548661,100.084,113.269066,0.04121409103105592,0.017907321844720468,0.014787411050931652,4.283197611234784
6,0.00141,-134.809906,227.211533,-3.640452,120.911491,-239.168411,-0.038419,-67.938248,219.304871,-8.596599,75.217201,-205.160278,0.8752875962981371,-0.0019995000124223674,0.0023896828956521746,5.1136813202192535
7,9.415422,-106.347977,211.271454,-23.688135,81.465446,-84.931526,-13.192526,-56.158478,82.738464,-0.69598,-65.935837,-78.495087,2.652779049913043,0.002132483130434788,-0.0009328848434782572,5.0869711184217365
8,-113.921371,-101.575394,246.032425,-29.70244,79.046638,-61.256462,-17.138758,26.461458,-120.169456,-0.208794,-42.376751,-83.804527,3.856330968198757,0.008955710968944075,0.010996138251552828,6.095798105006214
9,-83.134415,-98.26062,356.259705,-20.208733,138.576996,-52.270943,-1.375627,2.289438,-69.944839,-122.457642,11.765974,-53.38636,3.597049562956522,0.5284418037453374,0.01590873910496902,8.047860497485722
10,-47.536324,-168.82019,304.592926,-6.06262,88.648102,10.680717,33.481312,70.357826,-282.720459,-53.684296,-4.002208,-130.878906,4.018587513664597,3.0488056511677013,0.028940669707453435,6.258554807938508
11,-25.558897,-71.359062,138.452881,18.894213,-37.427567,-9.976785,-82.222603,-44.797649,-192.147141,42.267708,-52.041664,-137.179672,5.003700032248442,4.625367781807449,-0.0009678757695652579,3.659210564800011
12,-18.965668,-32.705719,-127.934135,13.200264,-79.016273,172.125961,-15.251782,-220.56929,-176.273148,163.320312,104.899498,-46.802902,7.958324284546586,5.252069438478261,5.650532535477645,3.3004057677763963
13,33.853298,-250.835724,50.120758,-16.75292,224.851135,76.116791,6.722465,-22.86179,9.257057,143.146103,-136.117157,-59.232868,9.383568530732918,9.400968334975158,10.500403059650928,2.037167837915528
14,53.464993,-165.634705,62.111229,8.155124,-54.939659,-12.941963,2.016739,-18.156536,130.821106,148.39183,55.197849,-70.493858,6.860976630260871,11.350270297000002,13.996777176439128,1.0420776806739143
15,25.454498,-283.182404,88.304367,11.861537,143.573105,7.41541,0.605022,-105.245964,58.076332,133.018555,187.912354,-71.989166,1.65658551316771,15.073209824944104,11.579087448368325,0.0019486207403725765
16,7.63635,-295.850708,98.045311,22.388462,12.943933,-54.265377,0.181507,-59.81879,-3.290098,115.225571,240.9077,-155.289764,0.1028057983105593,14.42061265196273,9.885208958845967,-0.010980280736646076
17,-9.007094,-179.139221,174.404587,14.248539,128.161194,15.731384,5.703452,46.076355,93.162971,-85.944328,-8.696686,-202.875931,-0.0007074962484472131,13.006185433204967,8.581130802257766,0.002418591216149073
18,-14.000128,-172.370758,129.524384,9.923561,44.097359,-15.993584,1.711036,102.323906,39.246891,-102.986305,18.103992,-45.798782,-0.01797044044720482,11.748365508217388,7.927183168496269,-0.03864571887329198
19,-34.328037,-55.47723,142.422302,-45.98093,-75.27179,98.766922,-14.55069,96.602173,-20.236931,-66.672897,-64.239799,-190.741638,0.00954108141614915,12.952422326801239,9.75894938920683,-0.020311558184471987
20,-68.67141,-22.29217,40.843693,10.68472,-20.698538,231.111084,-0.599207,-3.030344,-147.296066,-61.427868,-181.209946,-17.679493,0.02449284737888182,13.04733538689441,10.269173141746585,0.028822631397515758
21,-82.740425,66.749352,-209.940887,-9.975584,104.887436,319.772339,-152.702759,8.505897,-275.797821,55.008644,-308.567963,143.453156,0.009831776695652147,12.639194154130436,10.436862465091304,0.04724588632608726
22,-85.078125,84.046799,95.189728,6.422325,46.530231,365.200714,-57.108829,-40.757233,-357.657349,29.683594,-2.186394,78.81295,-0.024076828149068478,12.759257353161487,10.32645253733416,0.005448424711179466
23,-14.22544,13.916041,100.110916,15.107697,-10.51993,327.98822,-17.13265,4.719831,-359.619202,-134.202927,46.419083,-51.676113,-0.0028511142857141573,13.317775744000002,12.34135817567142,0.2565506562571424
24,-0.501632,-20.304188,327.547272,15.830309,-87.890976,207.610474,6.158204,48.490952,-209.56778,-85.452881,-97.171272,-117.184845,6.073480571850934,11.052228357459626,14.274148384757764,0.43027126414409944
25,-30.27849,-51.283253,54.955181,-6.548906,22.590706,209.15715,7.496461,16.430286,-175.850342,-50.114868,-40.449383,-178.263458,10.505959041714267,6.157369293130452,12.590194302706845,1.918883079488814
26,-24.147549,-39.863976,97.455559,-15.145672,8.660213,96.641144,-48.592064,33.174088,-135.607101,-7.502461,14.227184,-72.309036,14.660289323801239,1.3699722671180121,7.9931313303540374,3.133058277732919
27,39.830734,-28.906193,91.375671,-4.543702,-27.529936,166.45134,-59.769615,143.645233,-74.576134,18.462261,-87.99884,-102.661713,12.87382759234782,0.09293181672670904,3.856059161039139,5.071721842134173
28,92.918221,0.743142,-8.364298,-12.66111,-15.790981,134.67041,-65.00589,108.998566,-95.809845,13.070679,-129.964645,-19.500515,13.476110844347827,0.034499611086956636,1.6744807710478278,6.446443308413038
29,35.407467,-110.874054,-11.92429,1.850667,19.741705,207.988129,67.116234,-80.280434,-213.276947,3.921204,109.767609,18.628845,13.263770215975159,0.06974986822360257,0.2474370445055929,6.837113148559016
30,-4.44176,-38.911217,92.455711,9.9702,86.89151,98.173447,-11.876127,107.725868,-107.292084,-89.207634,95.06929,-124.338348,11.161203600993806,0.0546713621614908,0.0029699161571431817,7.1775912393056185
31,49.508476,-2.258366,-41.93428,4.87406,-58.667549,193.273041,148.960159,36.083759,-167.763626,-73.837296,-46.79921,-82.4935,8.898904006136647,0.011057774515527979,-0.01806738198881981,5.877477222488812
32,24.267544,-91.061508,2.483715,3.345218,140.571732,216.153915,76.699051,-77.675873,-69.159088,-29.683189,-14.039763,5.37995,8.839536413689437,0.004185300670807357,0.024344509860869522,5.462887920674545
33,-5.900736,-151.596466,168.332123,46.195564,93.012527,-108.389832,154.819717,-136.282761,-99.833725,-48.447956,-9.860929,-216.814026,10.023224117316767,-0.006775061422360396,0.02006215893354047,6.8156666516236175
34,35.889778,-9.701942,199.256638,25.15667,95.691757,1.377048,101.052917,-268.727844,-24.301119,-59.726387,-74.512283,-102.704208,10.10296468024845,-0.0044692343416148535,9.094254720492558e-05,6.747834807147823
35,33.36293,38.515415,248.076996,7.547001,79.548531,17.360115,-48.770123,-267.035339,73.678665,-155.376923,-58.130684,-200.281265,10.119977646608698,0.023259399173913037,0.0020715888565217442,5.995137910091301
36,36.37088,39.799625,351.224121,-16.565899,40.811562,-213.219971,2.315963,15.922394,191.573608,-93.68808,-26.854206,-338.768372,10.723081188645956,0.022726303763975213,0.004877828916149125,7.271700948673935
37,31.624264,36.418888,382.168274,15.743229,14.12647,99.855011,0.694789,162.948715,-81.869911,-92.128418,29.603737,-169.418518,12.645181404521727,0.020752500316769572,2.912129183733511,6.209636352357132
38,30.200279,-13.553333,253.992493,8.488969,38.131943,287.927521,26.570436,135.502625,-124.359978,-76.596527,-57.023876,-54.591557,13.503308710136643,0.1349679082049678,8.131586015737877,3.473656272329828
39,22.241085,-77.503006,-42.431244,6.312691,-26.220417,267.14624,23.035131,-100.574203,-159.703003,-56.872959,-86.77816,-121.82547,11.18666980293168,3.27484374729192,13.499130019659614,1.8190742669521787
40,19.853325,10.643099,4.217627,1.893807,1.548874,191.240875,-4.38746,50.796738,-130.762909,-58.487885,-204.918442,-164.591629,5.736831204273335,8.869773720006172,15.290672658052802,0.2881765315956532
41,22.902998,-83.425072,29.510288,0.568142,-27.780338,-4.766739,-12.614237,9.590023,36.091125,-21.312366,-213.998535,-26.781492,2.183341887826084,13.475439251285719,15.107732202959012,0.0757729210577638
42,16.2859,-234.040527,123.716087,-7.361557,23.676895,19.282978,-16.965271,-121.401001,-34.364658,8.67029,-88.678558,-11.800447,0.2500170594782656,15.332366503826083,12.974555345769588,0.05095889105652276
43,16.183769,-83.393158,114.317825,-2.208467,-196.260941,-56.354111,-12.621582,-32.654305,-25.373398,38.378086,-0.24157,-11.072134,0.05391828998757683,14.227752343509316,9.81899368705405,0.03841040264223558
44,4.855131,185.878052,113.381348,-0.66254,-179.390289,-20.672235,33.873524,118.247696,-13.261019,20.928425,-54.679474,-88.056641,0.027732999726707258,13.621978325354032,7.9244363072316935,0.013992075877639
45,14.637539,18.103416,145.111404,-0.198762,-23.689089,168.917328,45.939056,95.730316,-124.490311,10.044528,-33.350845,-182.705994,-0.014407362832298154,13.977418890944097,7.454907111736024,-0.03328093304844737
46,-99.173737,3.548025,124.502426,-45.251625,-7.106727,-15.229797,-29.527285,73.911095,-41.113094,-126.913643,-188.890244,-51.045803,-0.013924225714284734,14.465491573857141,8.584755208842854,-0.026273508914285187
47,-78.710121,97.097404,118.319733,-30.522488,-32.260017,34.97406,0.556814,-83.274673,-176.154922,-83.26609,-297.691071,93.900261,0.010555064074534872,14.491281621273295,9.095615709359626,0.007065887942236398
48,-70.688034,123.279221,-231.890091,24.737255,84.472,232.686218,-58.205952,-32.514404,-337.179474,-75.820831,-330.331329,203.289078,0.03164488934161492,13.991459394776395,9.305741389912424,0.007102481962111842
49,-66.398407,131.133774,-31.907032,-114.973831,147.736603,275.052856,-72.068787,42.969677,-368.539856,-22.74625,-27.545403,217.275726,0.00881926817391266,14.006787583,9.900971622,0.009692459334782442
50,64.815475,-51.043861,-35.934109,-34.492149,66.916985,366.848877,-76.227638,41.135902,-389.245941,-6.823875,123.546379,-44.031281,1.1588404827329053,12.949134102273291,10.515912890689435,0.029231599032296225
51,-18.215357,-71.803162,73.954765,-130.85965,16.309095,352.96167,88.228706,83.894775,-393.574829,-2.047163,-6.245087,-327.67038,7.791215640645929,10.754041867285745,12.703785334637892,0.9399313214068319
52,-16.762608,-104.392944,33.484428,-76.917892,-62.895271,119.069504,22.702612,-27.555565,-197.158447,-32.625145,-24.469524,-158.557114,12.619432503378881,6.114767521782608,10.85815972630497,2.0841132094142867
53,-6.911782,-85.924889,143.738342,-56.969368,52.685417,195.775864,-30.849216,42.574333,-2.657536,-21.085545,167.778152,-153.015137,15.346506923478273,1.2492769235714463,7.3457434299528215,3.2273243587608538
54,-3.956535,106.032532,95.845505,-58.516808,57.231625,258.33078,-35.616764,25.9533,-76.117264,29.451336,-137.966553,-130.639542,14.055984025366458,-0.09861632145341748,3.70992387411802,4.49546177125156
55,11.99404,116.544762,77.711655,-47.683044,-52.501511,241.320236,-44.579033,49.21199,-130.166183,22.016401,-103.528976,-9.063864,14.28869621709316,-0.03117448424223503,2.0741897840422574,6.667219187424161
56,14.896212,1.069427,23.313498,-29.368914,-43.995453,177.84407,-47.267712,16.646597,-210.402863,21.668921,40.495308,16.11084,12.91683325078261,-0.020845501173913077,0.2243841913304357,6.858375584421733
57,12.000864,56.810829,8.877049,-8.810675,-145.008636,121.14122,-46.191311,159.399979,-125.259865,10.266677,117.596588,-12.113749,10.274668364422382,0.01658910142236143,0.028848854693788596,6.53758966401619
58,3.600259,-95.936752,-4.868885,-2.643203,-115.056595,154.971375,-43.985394,-148.012009,-135.493958,-15.749996,148.258972,-46.943127,8.549000541962737,0.030299815037266396,-0.008356711042857349,5.8132701608415855
59,14.261078,-122.93103,145.413345,125.368042,95.410019,91.683411,-47.089619,-48.169601,-68.893188,-66.864006,100.967697,-53.625938,8.648693410385082,0.011562663944098724,-0.0035184602229818103,5.547292230954014
60,49.470322,-40.645309,30.443005,60.206413,92.645004,-68.527969,102.61911,-131.196869,118.674042,-33.240204,41.58831,-159.195786,10.25098122206211,-0.0051905783602509865,0.002468207356521919,6.792782068742282
61,63.799095,-66.800598,71.271904,51.955925,131.35849,105.602615,45.849735,-293.564056,159.880219,-43.866062,-17.651506,-138.142731,9.687967339826088,-0.01821683006211204,-0.008421295664596515,7.520396837623619
62,86.927734,145.663818,62.807571,23.118778,-50.976448,41.095787,38.233921,-355.455231,168.476074,-50.81982,-56.136456,-116.762817,9.143032559776396,0.006705744658385651,0.8794501630968841,6.403557586327317
63,95.749321,90.774147,267.398285,6.935634,31.782066,-181.62027,-33.721821,-168.775574,276.502838,-73.618942,-54.500938,-304.297852,10.154489083999996,0.024897379304348197,4.6458894982826004,6.260354083860886
64,87.097794,40.413246,362.669464,3.96369,-94.030373,45.31292,-23.297546,-152.314682,-3.667152,-82.341682,-44.595284,-362.441376,10.549381791478261,0.05011786322981311,7.649741388941603,4.736213983158378
65,61.906342,-16.121025,381.835846,29.434109,-79.050117,103.977875,19.372736,22.093597,-104.665138,-92.490509,12.983414,-210.414429,10.116767178012438,0.01137525214906661,9.29861581075838,2.1844465290776314
66,41.1679,-78.273315,319.79776,25.777233,119.392967,89.56636,22.758821,-95.053925,-16.335541,-74.822159,-73.307976,-119.614334,9.396093800770167,-0.017311440453417034,10.037623878374541,1.6484944710099456
67,36.829369,-179.770996,5.555336,7.73317,37.70089,205.754898,18.125647,-7.803179,-63.273659,-9.265648,-104.844391,88.393707,11.59413910720495,-0.0032589613043457616,10.930787179550904,1.1081549672360225
68,31.76181,-114.187302,131.593597,-20.276047,65.917267,161.525482,5.437694,-72.011948,-67.940094,40.529308,-315.786316,35.933113,0.023087504422360343,15.43919427018635,6.499762439366455,9.190046240554645
69,34.007545,-51.203194,7.467083,-17.380814,-29.182819,5.148643,-7.783691,-98.806587,53.054977,32.871792,-122.980904,-17.465067,0.02299263231428594,15.693927762857147,5.822349564857149,7.4199642833714385
70,32.798264,43.012039,109.571129,-52.289246,-131.149857,-105.786407,-15.516108,-7.045979,62.991493,56.936539,-114.097275,-138.932526,0.01738985851304347,15.799138101391303,3.1769618666086945,4.082081490891302
71,23.020479,-13.458387,138.319336,-19.452774,-141.026962,-54.331924,-4.654832,33.663208,18.897449,58.506962,-120.847183,-158.425751,0.016466811685714094,14.620069738956508,2.495757299086963,3.62231488143665
72,16.321144,-92.538513,71.623802,-11.484833,1.000912,19.477423,-1.39645,106.131958,-56.469769,38.265091,-113.457161,-49.410725,0.02772271822360244,15.733683061664596,2.3877194699627293,3.8573109325739083
73,10.545343,73.920456,164.595139,-3.44545,-43.008728,-54.412773,-0.418935,165.532593,-3.759932,-29.946472,-220.454147,51.081779,0.023097378778881697,16.797464267155263,2.823327745714283,3.764394168236029
74,12.578603,120.09214,71.974541,-2.916635,-101.403618,38.283169,-2.008681,-20.011219,74.192017,-14.632942,-348.586243,83.112534,0.01253831762608653,16.6686412971677,3.634078907459624,3.707950846223611
75,11.305581,246.923645,-16.067636,-2.757991,-160.348083,15.250951,-49.560604,-62.493366,-250.777405,-34.517883,-379.493866,162.392761,0.013853837690683194,16.543482226807456,4.216826266546582,3.203351035631678
76,9.040674,345.229095,-46.246288,31.183601,-25.508429,25.288284,-93.954178,3.847988,-280.480225,-17.887365,-4.634163,159.814835,0.019271719844720543,16.038771744372674,4.937357189515524,2.509207716715533
77,-27.415798,178.888733,-55.299885,9.355081,129.806473,175.173492,-73.37825,12.452396,-372.243073,0.28279,-35.284248,95.019455,0.006895477930434612,15.052804405217401,6.7399826376521546,2.7107995985478195
78,-28.93774,6.591621,-267.028992,12.221524,78.48494,340.651062,-59.673477,52.693718,-386.590942,3.850837,-89.671272,-65.644165,5.6985106334347115,12.439234486484512,9.148804436068305,3.0024793542906822
79,-19.979321,20.807486,51.701294,3.666457,16.013483,277.314331,-40.498043,89.245117,-398.427277,16.219252,29.588619,-241.887253,11.299678335078202,6.809874901689527,9.721617085341625,6.261225483875105
80,-5.993796,-63.428753,24.925388,-32.794064,-119.473961,85.077309,-72.405411,248.967529,-155.305191,-2.666224,-222.732407,-189.312164,16.312859657664607,1.7829951651180473,7.421978759869583,7.352079629437853
81,-1.798139,-118.827629,118.574615,-39.966221,26.296814,-142.063812,-38.668625,123.648262,-78.602554,-2.682868,53.692276,-224.380661,13.412823460289472,0.06785946827328945,4.207848105689501,10.50768750148198
82,-0.539442,-214.533279,107.126389,-36.468864,2.240045,198.404861,-47.377586,-74.002518,-81.953766,12.37614,48.118683,-89.910202,12.543973045986336,-0.004427815105589787,1.873838654832296,11.922494627462738
83,-0.161833,-149.094986,58.499916,-37.302658,-14.391987,191.331451,-57.522278,-103.169754,-194.056137,9.361841,33.265606,-42.037064,11.775894651197529,-0.009298563602485294,0.30842756323603204,12.576065540203107
84,-0.04855,24.942501,21.315977,-33.786797,86.066399,168.496429,-62.448681,85.795067,-126.004845,4.691553,41.990681,-14.49412,9.87435931356522,-0.01997108956521724,0.013188076434782908,11.438602409760882
85,-0.014565,-0.04925,-1.137207,-10.13604,3.223923,161.645935,-56.394608,-45.815479,-211.03746,3.290466,18.246204,-15.646235,9.641291803535404,0.008573355378882475,0.02350914769565205,10.477904820525469
86,-0.004369,-97.930779,84.393837,10.140188,134.660187,52.259781,-54.578384,-330.088623,-127.333237,-4.66186,-66.080139,-153.450882,10.782104667838496,0.0033015747080743594,0.2584274062919024,10.75425069114595
87,13.179688,-200.732239,100.638153,18.106056,27.217056,194.562927,-61.565514,-93.377586,-171.892975,-89.899559,-74.431046,-68.631264,11.887494529621101,0.010483836472048043,4.565024367372636,11.415584881923005
88,54.79491,-63.985672,97.979446,29.910816,126.794113,80.964882,-16.586655,-250.207275,-149.483887,-21.320869,96.299683,-141.101379,9.895677310393861,-0.0149424297639764,7.545917704360188,7.499262335607489
89,131.301468,1.517298,304.311829,22.154245,-16.568768,-135.765549,-27.571995,-308.554169,130.273834,-34.641262,-40.78109,-234.396408,8.269768918274535,-0.02675131406211173,9.38511187093789,5.293925899865218
90,109.06144,132.265182,187.326538,6.646274,-112.301636,-72.740662,18.090401,-211.195251,159.594147,-55.584377,-74.373329,-204.011932,7.7553690734906775,-0.021093063900620927,8.932416542105583,8.576964047834752
91,126.868439,96.169556,268.976959,1.993882,-16.74349,-80.195198,-19.05188,75.983414,64.825249,-71.282318,-80.684998,-273.982574,9.14929811856522,0.01474500713043494,10.784474877913032,10.522458464613045
92,124.678535,-69.065132,349.962097,2.481165,32.636951,152.943436,-43.375565,9.614025,-119.894424,-94.821701,-39.269501,-200.823776,6.66445498337146,0.012808952000000247,13.892503967999993,7.952174042985758
93,52.46756,-126.167542,374.257629,0.744349,7.908086,96.724037,-13.01267,-10.296792,-205.438324,-81.170509,27.76215,-186.408142,4.120742239814918,3.172334356397471,15.088680393372655,4.785600355349074
94,36.45327,-143.298264,232.789291,-3.542695,38.149426,170.242203,-3.903801,28.921961,-187.792511,-84.607155,-87.704353,-247.988434,3.0548049401553,7.850628618633465,16.389026820503144,2.8233447786869617
95,14.701982,-150.32048,190.348785,-12.360808,22.742828,158.403656,8.243859,-13.91941,-167.434753,29.224855,-161.887314,80.009476,1.8292486795378966,13.212402093043416,14.537579685149074,1.953138380091939
96,4.410594,-24.383146,170.084641,-15.006242,99.089844,169.916107,6.239158,-102.091827,-6.921425,40.778454,-184.142197,133.216843,0.13092423519875807,15.328014236621115,11.961977816850938,0.10614842741180153
97,3.206178,-65.687943,177.186401,-4.501873,54.205956,64.155838,-9.426252,-40.042549,-3.959427,46.127537,-188.935669,43.731052,0.024346983786335142,16.072738309590058,7.94841032275157,-0.0023847999900641504
98,-8.453146,-179.761383,166.135925,-1.350562,-47.760208,7.948752,-2.827876,-70.385765,11.993172,38.317261,-126.3517,-1.944684,0.012641137460869402,16.55540191704348,5.618225588478266,0.025898321899999736
99,-25.131943,-202.685425,121.394775,-0.405169,-65.169067,6.150626,-0.848363,250.036285,-35.945049,26.559177,-301.525513,-11.881405,-0.024278490946584005,17.16327087381365,4.797446465962732,-0.03476404008695521
100,-28.252583,-30.677629,104.206436,-0.121551,-70.391724,62.101189,7.277491,58.063889,-91.752518,13.616753,-227.916656,5.850578,0.0073195221130433995,18.27770960136645,5.726708901111797,0.013467158610558753
101,6.588225,39.754711,166.837936,-0.036465,-98.320518,-34.093643,4.066247,126.633171,-27.525757,11.617025,-324.462982,52.596176,0.011760842973912883,18.533506169913053,5.928463090118013,0.016157684467081445
102,-92.173531,187.04541,-68.577614,-1.89394,-142.476166,-19.643093,-42.089127,-69.341049,-237.983719,-5.929893,-377.905884,288.813843,0.004342051412423255,17.80110036245963,6.162038045385088,0.35753583121862187
103,4.358938,306.552643,-178.745285,8.846818,-20.146852,112.736069,-46.520741,-20.802315,-220.15213,-24.374966,-376.99176,148.783157,0.007795826072048455,16.15340201709323,6.6181258162733005,2.476092497047822
104,31.435682,338.638794,-63.038589,4.537045,7.136944,54.533821,106.555779,-34.485695,-241.164642,-7.31249,5.531464,74.762947,0.02004143813664606,12.854703505962739,6.953070629739126,3.7167544057440938
105,56.505707,114.772644,-265.584595,1.361114,5.907084,279.980133,45.147736,-10.345709,-351.033386,12.870253,12.957438,201.313873,2.317004583782559,10.266687254608714,8.751392531217379,4.5028037452217475
106,-7.527287,-20.175209,-113.569382,-1.474666,14.953125,370.210052,26.725321,19.492287,-389.643036,13.276075,133.81424,-180.629837,8.285572135226028,7.420027273788844,10.732667331186331,6.837654287690024
107,-22.971186,-122.798561,1.706184,-23.038399,15.783937,224.04303,24.964596,64.22068,-371.0979,17.163822,100.400269,-140.806961,13.758675089452124,3.7934007895155766,8.917897096397537,8.001018380295635
108,34.534641,-33.07357,72.065857,-38.922516,-96.946823,189.60791,-1.925621,141.661209,-229.958374,-23.095854,-16.95492,-162.754089,13.660246827983915,0.22617946583855086,4.575160668689522,10.828500729568914
109,10.360393,14.556929,81.875763,-58.751755,38.703957,158.564377,-38.237686,57.562363,-183.850525,-6.928756,-189.620468,-3.634232,12.777138230455929,0.03727321006211708,1.604415864354051,10.572049116896855
110,12.523118,-23.877922,79.169731,-68.46653,-1.569813,32.505314,-45.365307,111.418709,-45.740158,-2.078627,-135.972137,-66.99527,11.788531205985121,0.055808490534158824,0.41847610041617267,11.264571565835427
111,15.054935,66.273628,-62.867085,-80.795959,-60.726944,15.400595,-62.567593,88.032616,10.756952,-0.623588,-112.345642,57.104424,10.469873644110557,0.006891566484470438,0.00202797749069053,10.715291424549081
112,15.81448,-36.60791,-20.743126,-52.483788,-37.048084,145.845169,-60.196278,150.68779,-105.986916,-3.953076,30.318302,41.610329,10.914378387339129,-0.008093188869565428,0.016400131434783263,9.722640274126089
113,4.744344,-257.655365,-32.584938,-25.160137,-71.370422,184.978546,-67.016884,-18.815659,-88.286079,-3.068923,120.19249,-2.580901,12.392823307796247,0.0027102672298132814,2.304386552124144,9.88012305892297
114,-2.342697,-158.265625,42.948517,-7.548041,221.495865,111.983566,-67.180069,-257.966705,-32.134823,-2.803677,117.026749,-106.222267,12.161467284529214,0.02957046638509294,4.96824468981987,8.069635661586982
115,10.59519,-64.426689,31.714556,10.916588,58.916759,12.882071,-67.229019,-228.030014,-94.37545,-34.735104,161.269028,-56.34568,9.1164681354,-0.013519418857141642,8.627883590571379,6.504266715271448
116,84.14756,142.610001,47.174366,3.274976,60.984032,-18.731377,-44.647705,-316.965027,-13.248635,-68.793526,-15.641285,-22.552706,8.189199125772724,0.022904331130433844,7.621533402987597,6.367053503914231
117,106.213272,136.932999,200.569305,0.982493,-121.046783,54.636589,-49.17131,-234.431503,9.206409,-71.479065,-66.83139,-6.765812,9.381084650958929,-0.02259293093167636,8.849172896161477,10.597177995932256
118,56.342983,114.516907,231.523788,0.294748,-96.570038,-0.556023,-35.464394,-237.916458,123.273926,-60.986717,-84.071411,-41.572742,8.419113287884493,0.018686580496895283,10.557762788068288,10.273025651486972
119,86.573891,41.887074,351.907104,0.088424,-2.609013,-120.67881,-27.586319,-71.374939,80.291183,-69.137024,100.939575,-185.707825,7.136708581930439,-0.005809572521738688,14.199720870521723,6.691692382000034
120,69.281174,6.917123,389.905151,0.026527,-13.963703,97.489365,-42.169899,-19.529484,-60.647644,-73.465103,34.047874,-210.118347,4.454805746847241,3.4661702840247823,15.578609238782569,4.826882216911836
121,-67.716644,-44.999863,327.867554,0.007958,16.523888,65.023811,-16.416971,-73.646851,-176.366287,-59.699532,-19.913637,-174.132507,2.6331147569292033,9.680413662633512,15.215229338925475,2.982371013051556
122,-5.250995,-222.512955,139.78627,0.002387,208.321182,147.551132,-4.925092,-71.052055,-162.123901,125.198143,140.899918,-170.868744,1.0204043061502939,15.451366953540397,13.478636182807447,1.3781187456620958
123,30.435699,-64.870888,130.43689,-13.180284,-27.887638,193.022339,-1.477528,-47.677616,-186.096176,78.985443,-10.454021,-194.368622,0.05546812200000103,17.17071191356521,9.907465369080793,0.07093913827950636
124,43.024712,-36.408268,99.38707,-17.135084,-29.079292,-26.828297,-0.443258,40.303719,-93.488853,63.238632,17.576794,-218.365601,0.021080338643478254,16.39356800208696,6.589092589490686,0.01993139455279507
125,46.801414,-208.637497,154.094131,-8.906526,79.777214,5.13251,-13.313977,-134.782898,-16.748657,98.057587,150.264038,-169.074677,0.0016631272397513172,17.29800412665836,5.995994373558998,0.02190088304223423
126,47.934425,-262.18927,183.687241,-10.203958,-149.302841,-41.769249,-15.292192,-194.840881,49.582405,91.556282,-5.761791,-167.468399,0.03224046610434806,17.85487467843479,5.6711893077391275,0.024364260034782616
127,38.859329,-199.168793,156.788177,-3.061188,-127.642853,-14.413775,-4.587658,133.613724,-5.838277,85.839882,-1.728537,-136.858521,-0.005499977973914339,17.71721718519255,5.959774154739121,-0.022506845303108303
128,45.5518,9.920357,173.197449,-0.918356,-187.049866,78.527863,2.389703,100.340118,-9.283484,110.486969,-23.114559,70.039444,0.030428132433540513,17.610715681639753,6.553043210515517,0.17874420104471142
129,45.676537,131.020096,65.140236,-2.158507,-67.412964,142.187363,0.716911,184.508041,177.982941,74.57209,-199.000366,137.757828,0.013486136113043341,17.044800006086966,6.8473667199130475,1.4980120948826066
130,-1.361038,73.200027,10.127072,-23.243551,-54.117889,-42.078789,-20.497927,94.895416,51.511887,7.307628,-317.671112,144.892349,0.017140715657142216,14.050164089217452,6.49462208114906,3.770928187079414
131,-92.675308,247.920013,-177.729874,26.920935,0.711634,226.517365,-55.10738,-108.990372,-255.698441,-33.584713,125.009666,307.087708,0.00864727405341551,10.376541212919294,7.292989401652154,5.5468161734726795
132,-86.175591,300.335999,-72.148964,-110.552719,35.99049,211.063217,-108.79921,-34.580112,-347.861542,87.840584,-105.605103,180.627319,2.064100064302839,8.807390853937921,10.800350997037162,5.319929885926681
133,-46.565678,56.206799,-81.900688,-46.346817,57.872147,343.885956,-96.661758,100.722969,-390.574463,13.171177,-27.915531,37.241196,8.368529137486863,5.911015838087017,11.880487059652202,6.7258415642912714
134,-25.267704,-33.978966,129.8358,-25.202045,-71.139359,287.699799,-45.94553,137.547897,-358.19635,22.781353,46.232342,-214.787643,13.746643068540235,3.120225904173984,8.730638460838625,8.727302587689369
135,-7.580311,21.817307,72.844742,-128.072617,-53.352806,135.267944,-57.092663,137.297363,-237.38591,29.430405,2.571704,-60.670296,14.154568165580118,0.1311476834782712,4.283403084279599,10.925654048504367
136,-6.040093,-113.966812,78.34343,-96.794785,100.74015,-89.346619,-51.021801,5.412209,43.647224,8.829122,155.177521,-108.585083,13.744982411824841,0.014184991552794839,1.392754305745339,10.368062472639755
137,-1.812028,159.758957,87.525024,-74.230438,35.871044,39.101013,-51.083542,75.060669,-99.885834,8.297736,76.681259,-57.054527,12.510981513421155,0.008920201863353582,0.5258365186584084,11.21685304882734
138,1.339392,23.448689,78.981506,-67.461128,-21.249683,122.827301,-49.219063,295.553192,-144.828751,4.372321,73.845383,28.075638,10.41105420754286,0.005920043428571361,0.024716746285713957,10.225005530328568
139,0.401818,18.332607,31.226452,-57.898338,-30.853905,125.34919,-50.542721,203.528961,-171.492615,5.077696,276.358612,-14.173307,11.20037581528321,0.0019097663602478951,0.00509949933540565,9.42660276548136
140,0.120545,-73.586212,31.963936,-17.369503,-52.565174,109.15876,-47.173813,157.09169,-187.023788,7.172309,73.492584,-43.794991,12.907303583217395,0.006365858086956621,0.053729030347826244,10.224243058165221
141,0.036164,-118.108864,20.88718,9.853149,193.243454,181.504639,-51.812145,69.723511,-154.023132,-11.029306,78.537781,18.872501,13.396060366486964,0.0070481599999980115,3.3028442745651674,10.709197584449107
142,116.756844,53.06834,-70.936852,16.136944,35.377037,154.250397,-96.51265,22.800053,-198.729935,-7.074792,117.711334,-50.828251,11.21836771641245,-0.004658182459627069,4.7595013666211035,7.199103001385732
143,95.283051,206.1035,197.146957,6.724083,161.253113,-55.406887,-113.688797,-222.885986,79.723007,-2.122438,108.750404,-284.517487,9.264764976041004,-0.015163192894410045,7.651997545807464,7.48833398986585
144,49.297916,274.610046,68.55909,2.017225,223.494934,-41.101067,-120.72464,-322.953796,255.525894,37.02327,126.775124,-124.898247,10.025960479501878,0.014709270484471241,6.431384867590032,9.321812191316107
145,1.608376,287.630005,-111.242271,2.488168,219.571472,-23.628319,-126.601387,-368.038147,114.317764,-2.074018,62.511539,-142.91748,11.371472773419873,0.0010916651925463074,10.054177842409931,10.869104568665222
146,-40.943485,225.630997,237.779327,-8.66855,73.403442,-278.240509,67.467575,-106.645447,307.330322,38.920795,63.945457,-323.44223,7.895278227018745,0.04090374059627051,13.039420862124201,6.749104563777695
147,-48.060047,94.0513,353.783783,-10.132565,22.021034,-196.452148,7.059273,62.156364,146.806091,41.804237,43.662636,-373.83371,5.1271876908782845,3.6835624436521366,15.637858876565188,3.698780558826106
148,-52.078014,47.045391,234.179138,-3.039769,-29.170691,204.684357,-11.063218,105.264915,-225.227188,52.08427,80.886795,-375.770111,2.401046625633572,9.622560790260673,15.593425073664704,2.338110654436055
149,-53.283405,-134.643387,100.381744,-14.092931,-21.932207,202.630295,-10.850965,-81.400528,-165.484161,96.594284,208.800034,-267.137054,0.993054527701877,15.772552627701806,13.39095162298137,1.0088012058770413
150,-49.879025,-198.565018,114.849525,-7.993879,-87.54866,186.950089,-3.25529,-39.484161,-85.422256,149.490295,160.556015,-176.174118,-0.006866918951553183,17.231461754807444,9.76933303071431,0.0417378583341621
151,-13.080708,-114.176514,-18.269138,-2.398164,-95.935593,86.213028,-0.976587,-28.79225,-53.871681,203.019089,83.943802,-325.887238,-0.014331773098134494,16.938037044298156,7.435568432180132,-0.00565371557143108
152,5.490788,-145.34996,54.775261,-13.900449,131.274323,33.395908,-11.590976,-195.054672,-12.395505,226.609726,205.951126,-367.035187,0.023946599049690247,18.01935699155278,5.645453679335426,0.08993490259502769
153,24.243235,18.534016,161.423584,-4.170135,110.936295,2.486773,-18.541292,-92.4104,30.17535,231.803925,154.052338,-390.677551,0.0034658084981371677,16.941080890782633,6.041341095372694,0.13808019062111557
154,-101.941032,-86.706795,110.566086,-1.251041,-264.233124,-10.551968,-5.562388,23.117882,31.648605,182.521179,172.376709,-399.653259,0.009619896730436697,16.052270704000026,6.758277999652107,0.13533808431304145
155,-17.401312,-31.661039,157.44783,-0.375312,-92.450943,100.399406,5.863284,97.319359,-111.017418,154.555359,53.596016,-215.928986,0.01925572858509164,14.766845303403754,9.870417203925461,0.027281628036034358
156,9.843607,-67.871307,98.075356,-0.112594,-144.481277,22.587824,1.758985,202.431824,58.961773,149.93161,-132.678192,-213.535706,0.01952121722236216,13.602728885614937,11.433951744093068,0.059506617001864076
157,10.485083,199.949615,3.060608,-13.214778,-131.845383,35.021347,-14.536304,126.634552,15.805532,114.650482,-126.421463,-28.283714,0.024295192199999337,12.11821025262113,12.459194312086973,-0.025121626789441028
158,12.560525,355.615906,-177.966812,-15.262433,-56.500618,138.5504,-134.287888,-78.75563,-270.176331,-59.754856,-186.683441,168.516876,0.00533387655279614,9.003947923577691,13.164454091962604,0.0391025738621092
159,11.300158,404.198792,-151.306046,18.017269,7.528814,-41.286877,-100.542374,-85.765694,-231.692902,36.680542,45.676971,123.992065,2.501624673380104,8.503155428322987,16.33497048754658,-0.014623727175776521
160,-11.673953,407.475647,-164.020813,28.001179,49.333645,34.688938,-84.769714,-61.50671,-361.372864,3.472163,38.182091,52.26162,9.584322791340263,5.7784285261615365,19.910640383496773,0.0633265044397496
161,-7.268186,156.136703,-271.400238,30.996353,-13.444907,266.494659,-91.335915,54.984993,-405.925873,-14.022351,-99.642372,-223.462524,13.703487590399998,3.5024932119999996,17.258843646,0.014290015299999997
162,-60.553452,29.894011,50.389923,35.660904,-30.395472,232.471405,-61.294777,71.102501,-266.768768,-23.036705,30.363287,-225.210754,0.01053680708075138,14.137727024493211,-0.016634306723601274,14.24457530234169
163,-31.347036,37.213203,-26.309021,31.41127,37.95636,43.379425,-42.867432,-42.691246,-80.030632,-6.911012,5.342987,-171.128235,0.019940581242235855,14.061918378618634,-0.015257346717391628,11.665310316763977
164,-7.521111,46.940964,16.586294,0.008382,-107.242088,-0.167171,-65.584229,160.428635,-5.179192,-2.073304,-56.7701,-132.30748,0.031567414484471826,12.34878603210931,0.06059611803416121,12.046143682341603
165,25.988667,12.199289,76.529892,-13.178485,-5.810627,97.865852,-172.198273,65.075592,4.095242,-0.621991,-139.426041,-137.608246,-0.0075357451428571635,10.400794358992558,-0.011818744236023554,9.012521409763993
166,19.094601,144.884781,-86.255035,-3.953546,79.225815,108.445755,-108.14949,-57.680325,-79.740433,39.356403,-113.381813,-92.123474,-0.014592102782608772,11.482182869586328,-0.021663697527950488,8.59395683901242
167,11.37738,77.359436,-150.154526,-1.186064,-60.967255,83.374733,-92.700851,131.452911,-57.816132,24.987921,-64.142548,-33.286041,0.027192541465836953,13.623404668740358,0.04629636877018617,10.246243550534132
168,5.296214,113.591827,-184.388351,5.29318,62.678825,90.917419,-73.002258,-34.001129,-102.079842,-45.227623,216.132233,108.643188,0.007977795478261902,13.460073574773924,0.2538843288478086,11.238744253695646
169,1.588864,239.324539,-209.722519,-15.359046,312.551666,106.361221,-80.273674,-19.615339,-145.486954,-47.462288,217.362671,26.943956,-0.020903466782611027,12.776716226545346,3.126338448661455,10.720734784267147
170,-24.00234,352.364349,-113.757767,-15.905714,86.233505,-128.146637,-189.786102,-43.544601,172.898911,23.421314,200.784805,-8.863813,0.01713336238509514,10.829755165606239,5.134061673468876,8.897141031931667
171,-27.913702,386.276306,-101.915329,-23.601715,91.775055,-8.315992,-235.820831,-156.171387,95.17868,67.282394,128.023438,31.234858,0.15739711433540163,11.002111821119248,8.469138602813668,7.986141496397526
172,-76.162109,407.747894,-136.022598,-8.963515,85.905518,198.986206,-206.322266,-331.184418,71.86261,-75.848282,89.248032,126.116455,0.46649276472047596,9.45125334835906,11.062041222288734,7.8331049286707835
173,-92.51963,344.518372,237.877213,6.725945,52.133656,-226.520142,-191.823685,-400.635315,307.77478,-24.637486,96.445404,-274.743073,1.6650240442235908,10.026266280085729,14.751385051319847,5.50968868716152
174,-135.086884,336.847504,240.83316,0.134784,60.832096,-99.967041,-48.132107,75.641403,299.462433,50.98175,192.754623,-364.872925,1.7612780558509353,9.205740735476976,15.109843468562147,3.5305634599938585
175,-102.66507,63.394253,330.220947,1.923435,-119.209366,-1.745113,-40.801632,-73.340576,6.986732,81.199524,197.168381,-410.741882,1.1360549565217615,13.166225615817293,13.656921071130462,1.1324735714348062
176,-75.991516,-152.334717,3.033295,0.577031,43.323189,261.21347,83.792511,51.43483,-186.203979,122.275856,290.759521,-407.555573,0.09832262245964049,16.599617496883127,11.703315323832365,0.2910860555031291
177,-54.808453,-126.669418,89.410988,-24.305891,31.826958,99.077042,79.744759,-54.240547,-101.053192,230.63176,337.66687,-412.248657,0.016473363055902603,17.165299718407464,9.418417582444164,0.05928906197516018
178,-14.559537,-81.30983,45.653297,-18.589767,9.548088,137.054108,31.455427,-29.453165,-124.465958,257.489532,50.459061,-421.188599,-0.020013115279502003,16.13687808256398,6.94676523527642,-0.010463102944097878
179,29.52614,-137.372955,62.653992,-5.576931,-12.199574,69.361237,9.436628,-148.177948,-84.414795,259.897858,316.417725,-431.402588,0.019395556770186378,16.78813447041239,5.527238810307461,0.025354511999998053
180,38.985844,-154.191895,77.169197,-7.322079,109.320129,26.457373,-8.46701,121.25061,95.187561,258.737366,285.108337,-430.700775,0.012750413242236509,17.518093519207454,5.66818064751863,0.033511670608696316
181,39.940754,-95.215569,109.768768,-9.728624,70.456039,6.054212,-10.072104,122.993187,34.205269,256.506226,352.918518,-432.37323,-0.002926663055902246,16.93957781205469,6.1698223493043285,0.20702842339748623
182,36.461227,-186.736664,46.111633,-16.099586,21.136812,48.891266,2.627368,42.546955,59.219582,208.761871,375.144562,-376.384979,0.012906709217391477,15.548152093982614,7.372855778108694,1.005071118652168
183,31.651367,-163.352005,70.323494,-16.127876,72.24604,65.508385,-12.392789,108.797081,140.160873,196.321564,315.907379,-412.3125,0.00781630216148978,14.844836987005024,7.486425269201876,4.183105895943936
184,-63.941593,-209.060608,179.269043,6.459636,119.589813,-76.380478,-15.015837,126.789124,91.006264,166.227478,262.359222,-236.673767,0.016406018285714564,10.671908185285755,6.3976435298571515,5.191229001857153
185,-66.257477,87.921814,-51.667282,113.034889,209.112946,110.778862,-8.270751,-42.932262,-110.15712,0.910244,-15.44223,173.787872,-0.020194007105590085,8.76819099269441,8.532831100673901,7.221910364776401
186,-83.899239,120.52655,-115.299187,13.19747,72.148888,-70.331329,16.348774,47.37632,-44.345139,-41.152924,-61.122673,123.690369,4.520256859552671,6.673628420325495,12.954229049406772,4.603675226366459
187,-123.08577,254.585968,-205.942749,0.193241,59.304665,80.582611,-42.170368,10.446897,-291.987518,106.283119,21.206196,50.288113,9.430621129763948,5.0025380732981475,13.834234987049697,7.7508773162608655
188,-138.607742,364.474792,-353.647827,-22.538027,-2.921598,312.273773,28.774887,5.017069,-370.046234,56.363937,-114.150139,65.927437,14.917832918037211,0.9991708157367079,9.14334286583243,8.899584831279418
189,-163.977325,384.260437,-300.043365,100.569595,-8.40848,152.05513,18.047466,118.251114,-402.878876,-113.017822,-147.225052,-104.499771,13.974281440695647,0.047422708956523424,3.061944022239179,11.539006252043484
190,-109.449203,103.980141,102.052979,64.06488,-107.970543,96.457542,33.659241,50.539333,-166.055664,-58.38435,81.993484,-185.755936,12.305813550906917,0.03394456166459669,0.7268611307919488,11.516759123142833
191,70.730232,323.059021,175.606888,51.230461,-56.870163,-38.850739,-38.860229,-31.9132,-87.4767,-23.164307,-171.233948,-82.088783,10.588552712795035,0.02206393999751542,0.08913568241304266,10.352919595360266
192,72.060074,-72.552292,197.673065,49.263138,101.567947,48.600777,-49.318069,-130.085968,24.597992,-12.598291,-92.796188,-56.637634,11.060311642683219,0.006123578862111949,0.004600894251551621,9.355998710795037
193,40.448021,-10.467689,138.387924,35.491943,-76.860619,-62.622768,-61.870422,-97.398788,116.593399,50.827515,109.62014,-52.768291,12.532749432322953,0.0027103740968953665,-0.030519580037268332,9.1536356782733
194,19.666407,141.850693,49.048382,27.594584,-145.453186,35.820171,-82.583122,115.771362,34.97802,28.429255,-164.828964,12.414513,13.244021517689449,0.02662938879875898,-0.016282297381988317,10.105851543987566
195,15.314922,80.21521,24.129515,13.927376,67.461044,127.49205,-94.445938,-17.992588,-42.230591,16.060778,-217.035706,-18.871645,13.37798840248447,0.013067385286958007,1.2826687887421373,10.94511827085091
196,-12.352524,330.993561,22.302855,0.412213,193.474319,45.779617,-86.706779,-120.260773,11.809822,-8.362766,-27.450718,-114.875496,12.959722540347851,0.04050514348695723,2.854092749956512,9.536806373087012
197,-20.652758,398.695068,-21.554144,-3.642336,95.702301,75.872887,-155.939041,-198.016235,-79.309052,-26.987831,172.532776,-94.718651,11.006241714360206,0.012687130028573952,6.242409142903586,8.651936576962749
198,-36.32383,424.65451,-119.446243,-2.975701,28.710691,56.655869,-142.814713,-200.629868,81.655281,-8.09635,98.834839,112.809395,11.575681462434806,0.048350679730433846,6.388695420232925,7.914680489236026
199,-5.248149,428.676361,-22.652874,8.522289,68.869209,137.508759,-261.27243,-293.680939,41.443588,29.582092,118.151451,-62.190178,12.109006721266981,0.0012741144596257817,10.682785501021618,8.67310897444105
200,-54.298443,418.5849,177.738129,2.556687,-54.659237,-156.462387,-70.849731,-174.72229,298.649078,18.289627,-73.76857,-233.319061,8.812583403677115,3.2939547005142362,12.222979346145925,6.010847845937927
201,-85.960533,296.928467,171.950439,0.767006,23.145227,-120.375717,-147.415924,-61.831692,163.031738,-11.460112,-144.525574,-179.209717,4.1241380975155675,8.072476490027249,14.714301147757785,2.884452425273339
202,-110.523163,136.153549,298.258148,3.996102,-2.471431,-88.836716,-98.831779,47.355492,-50.889481,122.722969,28.196327,-307.967896,1.0880534372919555,14.107438657457104,12.571551975835408,1.139069515807473
203,-110.359955,48.378067,373.810455,4.96483,142.366577,174.829987,-40.947533,-100.656349,-49.160847,85.774887,211.822906,-369.191406,0.002332600173912791,16.92647701408694,11.698046613869597,0.0563090771739144
204,40.329018,18.279421,151.686142,3.372449,1.283978,43.033997,-55.593262,41.357094,-148.441269,80.33947,174.643875,-353.664429,0.013928797341617182,17.54107830261988,9.630668057040403,0.043123862571429916
205,-27.444294,-99.964172,85.048843,-27.233267,32.396191,129.656189,-33.624977,-0.773871,-191.406387,195.454834,84.40416,-394.198334,0.0039363888944095125,17.221844937998764,7.671382458664616,0.011345532428570466
206,-10.116289,-327.503265,134.728653,10.66002,292.168854,125.514862,-10.087494,-284.565155,-98.847916,267.649445,330.367249,-415.773499,0.017863612844722036,16.765722516096897,6.067681342823012,0.024158248993786054
207,30.859114,-115.197983,106.323593,-21.280994,172.385651,-35.782543,-59.516251,-19.464554,-108.740372,300.605835,18.141174,-427.89505,-0.005335905142857847,16.20309341494286,5.977833738571418,-0.015472362857141911
208,28.087734,-251.104401,105.334084,-27.097298,-204.372284,19.393238,10.390125,-67.978371,80.357895,314.258759,267.179352,-425.882507,0.005340877416149176,15.599302669554035,6.821979533133532,0.021159134440994053
209,19.724319,-352.132355,54.196224,3.16881,17.774311,-120.343033,-8.180962,-73.117508,-11.66963,160.182632,381.433807,-387.618774,0.0018855651677010575,15.523556818341625,7.728449976813659,1.2967288704781588
210,-118.36071,-337.248718,93.461868,-115.795349,75.003288,-71.879913,-15.635288,-8.754253,-20.447889,221.290802,398.763153,-415.682648,0.03029227408695699,13.241929680834824,6.907560025630458,3.550891234695648
211,-48.689213,56.997375,92.060555,23.634392,265.40799,46.22403,0.958413,61.395721,-30.613367,139.824249,347.471985,-422.218811,-0.022748988000000036,10.977408025445989,7.057379595844633,6.260536586347762
212,-48.500767,201.633209,-149.383835,-0.441682,147.4104,262.423218,-18.542477,97.504715,137.690002,77.724274,224.753601,-102.186646,0.04524966767701753,8.906391766464653,9.562942528329144,5.2922575562981775
213,-142.594223,277.034973,117.122849,-13.313504,76.234116,-73.796028,101.768257,83.858414,152.404007,72.275284,-11.659912,-40.070995,6.1387449968941485,6.226593975823691,13.926288313046461,5.916523365391179
214,-204.716278,241.282501,-11.938145,-62.36705,83.126236,62.596191,-91.864525,25.157526,-121.865799,-47.988411,5.917027,-119.352303,12.22836100208685,2.1150685954361093,12.181477559925558,8.126725970347822
215,-245.948883,343.536743,-286.031433,-33.774117,58.831871,312.526886,-6.846359,-1.867742,-332.190765,-4.981524,-96.140892,169.441299,15.724604076322965,0.05491661669068499,7.633958379108784,10.25651282372044
216,-192.413666,370.447052,-298.58844,-17.664236,55.309563,391.272095,-0.170908,-32.57132,-410.352234,17.335543,-219.025269,60.247395,13.870661495850975,0.07024781506583369,1.975996215198869,11.726060844577681
217,-153.757095,92.304115,13.988457,19.179729,-13.535131,164.456635,15.012728,14.707603,-345.299683,-4.214337,-118.43158,-91.139786,11.553546420347836,-0.014121795182614073,0.45163716021738254,12.154994192347822
218,-85.670128,-92.820763,-39.112465,28.349918,-158.466553,119.007996,32.748817,139.988281,-118.653915,-8.796301,-24.231476,-68.767937,10.588115313465924,0.0338218049254655,0.0493228765031115,11.054176366304402
219,-40.765041,-95.634232,73.001259,31.100975,80.504028,129.852402,-14.654354,0.570488,-71.373177,-23.351891,231.871567,-86.535385,10.479323738136625,-0.014874770906834232,-0.02280677427018807,8.949512780664627
220,-12.229513,-207.575272,93.454376,9.330293,161.610214,131.222717,-40.173306,-67.616852,-4.464952,-7.005568,135.466461,-65.503616,13.04190375453411,0.011681771776398056,-0.02438605117391779,9.3878037323664
221,15.161146,90.250412,-49.166687,2.799088,108.739067,88.324814,-59.126991,-146.44606,-40.882484,-96.251671,-174.022064,-44.130085,13.648772753714294,0.010449721990062206,0.503595692959559,10.430504734192542
222,23.378344,91.097122,4.079993,10.254726,8.142723,84.870445,-64.813095,-91.00882,-89.467751,-11.928501,-54.089622,-28.303026,12.946316465838528,0.038242880291925005,3.9778431811676778,9.355188597652239
223,10.779504,138.426132,-151.298996,8.725418,-95.473183,213.761139,-60.869926,29.187355,-226.438339,-14.87655,271.872101,-21.671909,9.427038403875802,-0.004644404597514466,5.6412395485838,6.9258381757825624
224,-8.064148,363.520844,-205.444702,10.149626,176.605042,24.585342,-104.878983,-75.97879,-148.900513,36.963036,179.477631,-130.779587,11.210227181043448,0.04445123976521544,7.039101051521786,9.015684946043462
225,-15.600245,427.283264,-159.549408,14.342887,92.524513,150.483612,-67.240692,-182.848648,-91.745155,14.854911,57.609291,30.437119,10.818070758534171,0.0090962420385119,7.965536642732842,10.395029633757726
226,-51.755074,444.528992,-183.440826,62.675865,-62.62664,158.125092,-118.088211,-228.090607,-35.05555,11.988474,92.602783,-39.826866,10.845851798260947,0.14343396849686607,12.293594996145941,7.721193544378952
227,-109.676521,453.468719,246.247742,31.983761,105.490013,-9.052471,-174.768463,-277.440186,115.644341,11.128542,80.504837,-149.407059,5.675011083801326,4.11553614039119,14.450726686735901,4.098783174708177
228,-123.286957,467.448608,164.258331,41.606125,52.360004,-298.346741,-195.538544,-305.426056,94.949303,-9.842437,56.162453,-250.069122,2.8900650961242746,9.919354344048326,15.832894918111839,1.8831797124596432
229,-142.434082,319.119568,177.321487,42.60984,38.304001,-166.707031,-86.906563,66.544174,77.442795,-48.14473,77.104736,-244.490738,0.9255902614906937,15.43671832647204,13.366990764456524,0.8209631274037366
230,-150.061218,370.65387,363.891449,35.378952,39.736202,-66.959114,-58.08297,-109.963745,42.06284,8.152579,211.431427,-399.106232,0.054445389714285315,17.334360938828517,10.477491548857246,0.06655479428571684
231,-46.901367,96.132164,161.891449,33.209686,-6.909139,160.680252,-51.318893,-81.947128,-241.586136,40.105774,296.921417,-437.958893,-0.03318223460869438,17.021833491078276,8.277291751065238,0.027692880652173645
232,-53.613411,-40.831345,-56.880562,17.494905,31.821259,82.098083,-32.34267,114.757858,-300.318848,53.457733,219.003433,-438.31665,0.05058984111801398,17.38006349466711,5.6177299050124345,0.024778410484470978
233,61.11898,-153.474396,-66.022171,5.248472,263.751373,84.885429,-9.702802,-263.086639,-58.08466,191.156326,376.396057,-445.955994,-0.03201035545341592,16.68815082010433,4.978442123847842,0.0040921904906849535
234,20.218695,-175.96933,-102.658646,-4.074458,340.862427,200.584625,-6.676841,-13.020996,-72.032402,277.657898,291.803833,-450.130798,0.026007699627329364,16.69724252309443,5.8720316606365675,0.01966906011800918
235,-14.64739,-99.865799,-30.797594,8.192662,-31.434273,101.601387,-15.184052,248.41571,42.412273,284.778381,392.587158,-455.149261,0.00012510429813684444,17.218023077977623,7.594763931549637,0.009758812192548701
236,-23.224216,-246.504745,124.453728,15.638799,128.028717,2.235416,-6.438216,-55.402283,-2.340318,76.018517,436.003174,-443.473755,0.031740762956521104,16.011083113170226,9.72839197768321,0.2436630309503112
237,-37.095264,-307.44342,86.294121,14.10664,74.185616,-3.095375,-7.580464,117.072327,6.829905,199.807556,456.559967,-473.865112,0.002865858956523323,12.249412628265992,10.299055200385066,0.23766527286335284
238,-52.554581,-197.68103,120.038239,13.646992,88.160683,-48.003613,80.577858,82.196701,-28.079029,221.88028,442.013977,-462.269562,-0.012418107478262348,9.92984441945219,13.832503449825992,0.1622518931739209
239,-77.90538,-57.42131,184.768478,-84.406898,37.746204,124.94091,-62.444645,126.341019,61.247288,6.308086,377.394226,-498.333893,0.62145449080733,7.834255572134269,17.168066863971962,0.08597592078259941
240,-81.744614,99.5196,51.664547,-46.035072,48.983864,5.471275,-52.627396,77.445305,1.427187,67.797424,252.560272,-420.652161,7.389714097167515,5.969096614423659,20.951107594217294,-0.01633033308074545
241,-205.291382,182.378876,58.808365,3.136478,-13.549841,60.014381,-42.150219,-61.501408,273.463165,39.169228,64.470085,-246.707657,7.927369373835564,5.5303252843311075,13.470341412007974,5.990303361357531
242,-268.717407,318.333649,-234.679504,-27.304058,118.330055,275.975311,-27.709066,-3.386422,-247.486038,66.357773,2.394026,110.521698,0.029970898654783584,14.763465558608726,0.04813356999875637,16.180621022295046
243,-227.489227,361.003082,-141.957855,-0.659217,65.627022,269.209595,-55.387722,-25.494926,-371.759827,2.960333,162.656204,59.518509,-0.012239348869998928,13.967812683006217,-0.035686204238509836,11.625696167350988
244,-107.789772,281.536926,-127.322357,7.334235,10.273107,299.190887,-42.978317,116.629532,-384.562958,-38.6549,-67.949127,160.963562,0.021260161886956445,12.429871409416139,0.0679246291441004,13.012319536785721
245,73.111069,133.419083,150.103302,145.308273,-113.664062,166.960266,-24.191494,155.500854,-149.262894,-45.490471,83.180252,29.45907,0.013924390902615626,12.032040768869683,0.012192100765218223,11.306200130217466
246,-13.843679,-3.283276,56.328991,79.369484,-124.483215,236.505066,-29.853447,125.736252,30.54113,-40.00914,-69.195923,-19.40728,0.019209503610247924,10.429482033341563,0.052289087168946785,10.134123924627392
247,-22.983105,-16.048983,139.293701,69.002846,-93.834969,-15.666481,-42.850037,30.188879,-54.859657,-6.353743,-188.345779,-84.90818,-0.022691176642792743,11.69794962002483,0.032589008197510386,9.584041582683133
248,126.79808,59.207302,107.693115,47.062855,107.425514,42.375057,-84.409012,-56.848335,11.787104,11.274877,-43.322735,-25.472456,0.0529674306665216,12.747600966360247,0.060726420759006215,11.283993979186336
249,60.635422,72.369194,22.892937,42.363857,-56.273342,54.138515,-81.812706,22.488499,-26.591869,14.680463,141.40918,92.157265,-0.023188245231801498,11.730048092124248,0.044628366932920174,12.447314881869568
250,29.488628,-32.896244,-23.260118,39.071159,226.024994,65.199554,-69.735809,34.99155,-70.116562,10.053139,-76.206238,33.296181,0.007121238300559187,11.27645038052173,0.03893786455527667,12.70479808921115
251,22.027588,-38.113876,17.500965,32.434349,195.851501,10.144868,-52.93174,-185.334534,-145.312973,4.898942,-56.755875,-63.448151,0.013913508067700399,12.62385985294402,0.05551679138385315,13.35423165024224
252,6.608277,133.556839,5.25029,-22.280693,87.00045,52.001461,-49.773521,-147.867355,-120.796898,-15.477318,131.73024,-45.396446,-0.025572590068697606,14.43546136052172,3.83175816625208,12.123770355630484
253,-58.273518,294.272034,-130.234909,-6.684208,191.804138,147.410431,-54.475056,-206.298218,-92.729073,29.250805,171.329071,-162.375946,0.030009044591428558,15.268522710285712,8.979714634342857,7.8881617621428575
254,-40.078056,340.603638,104.037529,9.292737,225.12825,-85.703873,-102.960526,-302.913483,136.002274,52.084244,122.952728,-355.641785,0.0064709756484474,14.197985901416182,13.387616848009815,3.4924733332268927
255,-32.736416,365.801086,53.807259,-12.276178,167.337479,-29.477163,-162.698151,-362.026062,74.694687,40.104275,78.311813,-125.522545,-0.00032641694608739164,14.49942711314285,14.026981934447198,0.6290740759751724
256,-39.948925,345.115326,-44.113823,-3.682854,-17.586758,-37.08815,-167.438446,-212.172821,-39.730598,-6.798717,57.387547,-45.188766,-0.016324661996275747,15.710881872422314,14.203281917532925,0.0408115031118063
257,-57.176674,56.459599,293.694824,0.778144,45.564976,-297.342438,-121.785538,11.668152,291.243805,39.386383,141.494278,-331.783661,0.04711216551403792,16.327072254335395,12.506936577002458,-0.009579409900622048
258,-64.228004,-30.137121,408.218475,0.233443,-27.756504,-66.606735,-74.195663,-71.819557,10.170143,45.709915,147.896286,-423.411102,-0.0023522715786337737,15.05535784628573,9.07393867686461,0.006615826003106393
259,-55.045403,-56.116138,190.25354,-11.227966,-34.68895,215.392975,-48.620697,176.169144,-108.045959,145.52298,181.827881,-447.133362,-0.013155374535650844,13.627027598086956,7.043107801721776,-0.03719084543478289
260,-24.045622,-191.953842,10.001064,-7.13439,140.233307,185.129898,2.360791,-28.118256,-181.170792,181.115891,218.36937,-435.420013,0.016319930357512,13.652040998310559,7.301226217546539,-0.008687049745343949
261,-3.447687,-125.374161,-32.77668,-2.140317,-1.23901,147.805969,-3.057763,-64.925476,-120.256241,229.453766,125.766815,-445.087006,0.004881004502919472,14.5930496381118,8.664678197877016,-0.017429378795030943
262,23.444695,-48.910252,-19.248005,-15.706095,-45.563702,110.246796,-6.566329,-23.243645,75.020126,272.200134,137.529053,-457.4021,0.00717046852242131,14.325052720198768,9.59015904995652,-0.027561777093168833
263,39.044407,-140.834076,43.183598,-17.892828,234.886902,19.89304,-9.501899,-116.187096,-11.387962,266.194031,319.942719,-444.149628,0.006661647828944367,13.99194500278263,9.511521029609941,0.32163470655896026
264,34.309322,-115.687225,176.776077,-18.548847,76.115074,-82.533089,-4.73357,-95.112129,-9.065389,245.56221,363.368835,-451.471924,0.017889798477322104,13.171391457316934,9.454219032761554,4.008385277130424
265,32.888794,-181.58017,128.352829,-16.862654,37.898521,-62.41993,-8.952071,52.435364,8.578382,273.266663,385.811676,-455.551605,0.16872280037377305,9.386246453639814,9.224219317274509,4.1502003653012425
266,24.930637,-280.434052,53.569851,2.473204,30.199556,37.764023,-10.217622,38.326607,8.222515,170.481003,349.235504,-454.892517,7.380827040543721,6.593725436695787,12.228340048878142,6.0338372215216545
267,-35.829811,-198.993225,63.145958,-40.684036,50.485867,58.404209,-16.246286,154.605988,13.764754,-33.590698,197.037659,-460.34375,12.29273245775846,3.432658682658383,11.921222410387571,6.295031574627333
268,-54.057945,45.750027,220.424789,12.273788,52.805759,4.340263,4.541114,114.1698,-133.329575,-156.951218,158.910309,-249.200134,14.815466197912373,1.889458733391463,8.519595275550614,8.856362235391051
269,-132.963379,222.738007,-60.033562,-35.860863,-42.531269,259.273102,-121.032669,49.314941,-284.788879,-71.564362,21.311096,109.773956,14.74411104731293,-0.05846763026086224,2.2520612073666015,10.908775356208016
270,-130.27301,215.5784,-170.533066,-20.17326,24.90062,192.644928,-79.618805,-13.450518,-181.469666,108.457695,-93.405678,187.338196,13.597898555049108,-0.015722204372689515,0.7375858178907105,13.499653933611716
271,-165.242905,349.006531,-130.245926,5.246021,65.843185,199.018463,-93.556641,-152.79216,-335.007874,58.899311,-28.021704,-39.831535,11.226812973242453,0.013421492496895886,0.18530722641490618,12.430347298894434
272,-121.126877,131.063965,-114.393784,35.467808,-4.726044,234.824539,-63.843994,-13.826653,-324.579376,-123.555199,-132.684525,-8.183461,9.12734690847688,-0.010342293714285342,0.033101129491924786,10.1785004559907
273,-57.051064,125.937195,131.385864,53.949345,-40.960812,145.767365,-37.9832,44.810005,-214.119812,-70.960564,-9.677359,-9.987039,10.583622016164309,-0.016112927304348507,0.05481661671303641,11.076256786739087
274,29.959681,-80.847839,67.660759,48.195801,-55.597244,-73.015785,-43.40596,-16.684998,-66.11895,-32.58617,30.990793,-115.976112,11.285882593239812,0.030012836422363007,0.11573178564223885,11.519303011245334
275,33.466904,-110.87236,25.947229,37.054741,-122.127174,-48.266735,-50.681789,79.7295,-55.612686,-9.775851,-13.29876,-85.633835,11.395233139306335,-0.019997555726706175,0.05207940834534545,11.732620111388195
276,57.115074,-159.422714,60.508167,33.712421,-102.543152,30.711975,-58.513538,-158.732132,-82.588806,6.482244,-81.192635,-82.180153,11.458367626824286,-0.002267960000000002,0.08428788285714287,12.480054528214287
277,37.847523,-121.263824,-57.167549,25.177727,-23.230947,41.22459,-60.863064,-38.204639,-86.915649,18.891674,-103.443787,-5.824047,11.85032747369212,0.031992673391308624,0.11070597874410082,13.14430014224533
278,156.345261,183.931854,-148.960266,16.968319,-146.311279,16.133377,-54.035919,39.379612,-165.416687,15.082502,4.743864,-45.056217,12.683871156783265,-0.01697440929192475,0.944971396202442,12.58533084114288
279,67.616577,149.329559,-118.125084,-6.207503,150.055618,31.202013,-51.987778,34.409882,-213.446014,4.524751,114.40316,-24.814865,14.092295976891847,0.02705378559006228,5.992902210129011,10.081034921034258
280,5.220973,364.908875,-48.618526,5.669749,259.67868,9.360604,-62.671333,-81.944031,-135.587799,-0.525575,19.25695,62.22654,12.493900419034341,1.0922074629565306,10.770653678834794,6.364216707782601
281,-15.380709,414.518646,56.968441,9.232925,132.51062,202.406189,-175.090408,-203.468201,247.422653,-20.870672,94.278084,-86.780037,7.7177502936342455,4.445493735006165,14.42398266018384,2.378394083854092
282,-149.605209,440.699585,7.675532,4.652878,165.914185,-84.269135,-197.518127,-279.468475,2.672798,144.378799,96.071426,-29.800013,3.219204612299467,10.560812481018427,15.01540176404966,0.8236791726925615
283,-90.073563,431.606873,51.260658,1.395863,138.275253,-100.600739,-219.310455,-298.502563,123.196846,73.441643,-69.094574,104.040001,0.6613205704850708,14.735221631155236,15.74776960844724,0.10906238115532424
284,-98.576073,293.30307,322.30719,55.025761,131.866577,-323.928253,-231.497131,-253.371765,336.356049,-15.627506,107.31562,-287.015015,0.00677729130689265,15.859751452248464,12.095364988968978,-0.007926124857141045
285,-99.24382,329.014923,275.577148,46.635727,-48.941025,-183.796478,-46.853142,-83.543533,206.354828,-34.816254,71.737686,-357.256531,0.04220303538807633,14.559255404819933,8.39928685632058,-0.019143817419251627
286,-99.444145,106.236481,329.346161,40.352718,-10.916308,125.629044,-42.300945,23.894939,-154.63855,32.864124,151.448303,-429.169983,0.039939398859875574,13.969904066534166,6.407812416442232,-0.004109282757763762
287,-88.206238,-160.195053,15.951859,15.871816,41.917107,128.072708,-35.286282,-126.524529,-35.093567,190.627228,205.489502,-343.413025,0.04565774042217657,14.832952811130403,7.447388914512963,-0.0050286930869524295
288,-66.004868,-119.612518,-49.821445,-6.536455,-164.426865,157.050812,-23.766884,-79.383362,-144.221085,213.477173,108.721855,-362.87793,0.023464406449128977,15.110396087900623,8.239720142490684,-0.029782419605592247
289,-12.269461,-203.470764,86.735573,-22.673935,-34.264061,148.797256,-5.247066,87.28199,-156.246338,259.875153,245.395554,-380.015381,0.041407623830812215,14.997238094409944,8.343679414390056,-0.0019420126211170128
290,17.032162,-266.288239,84.393669,-25.632181,57.508781,116.193176,-10.98912,-267.563416,37.861099,290.741547,369.249695,-422.81662,0.018324048046459523,15.210154990360246,8.708511496644718,0.052475463813655435
291,27.705647,-55.407475,81.808105,-20.870655,-52.418362,63.102959,-16.477736,-95.333031,32.071327,290.586487,321.670898,-448.838013,0.035811797631242356,13.819764038907122,8.958600676154099,3.3376292226209974
292,10.194695,5.973755,88.56443,-19.442196,89.722488,18.930889,-6.826321,-132.164902,-12.9746,337.61496,377.068268,-452.878418,1.4454311149969177,9.487218588770357,9.698939925608597,3.642933461829203
293,12.473409,-130.017868,88.708336,-19.013659,153.077759,18.860268,-3.930896,126.05452,-45.318378,298.999512,382.389496,-390.068512,7.814615803831228,5.6761551247455655,11.800717954434765,6.270031781568285
294,-143.131989,-178.347351,96.283501,-3.821098,76.051331,-105.438919,-14.360269,186.573364,-68.202515,229.041855,351.974854,-433.364563,13.56648226978169,3.020849271652194,11.405783331660889,6.413284452608637
295,-90.014603,-15.844208,168.227051,-25.62533,-73.217598,36.156326,-13.723081,82.334015,139.594254,4.690567,-24.334541,-258.053345,13.65742928867854,1.2653585159752136,7.304502187007588,10.143726860409886
296,-92.909378,93.162735,-36.149887,-24.6346,17.577719,249.9879,1.532075,71.775208,-31.558727,-24.95483,-114.631363,90.170998,13.73368916524356,-0.06213765947827558,2.484660786652297,10.522009185673758
297,-236.885818,178.588821,164.274033,-69.529381,35.401318,216.221375,32.470619,-19.893436,-30.180618,-24.433449,-128.539413,-106.641708,13.356106802952256,0.023103600496888175,0.630733594696955,12.664597836397508
298,-217.939758,262.589661,88.825211,-22.741814,134.898407,87.462418,-31.684813,-24.798031,-297.153198,30.329966,0.981174,-160.036499,10.88639667303448,-0.02527695373912412,0.11532072073664897,12.857265445444126
299,-210.372925,389.471924,-253.919418,113.689453,27.288525,335.050751,103.474556,3.85859,-403.606964,46.758991,-165.409637,-127.096954,10.30537693743,0.042389773714285706,0.04510030991428572,10.934810339000002
300,-187.389893,33.989586,-162.793823,26.574839,-4.994442,281.283203,19.74437,40.700577,-356.457092,14.027698,27.580109,-60.72509,10.33899920829868,-0.04627151219875824,0.09532914375528044,10.45454742542857
301,-125.88797,-136.677124,323.99585,32.45145,-76.818329,167.236969,17.22131,79.998177,-88.107132,113.422318,94.892036,-144.378525,11.567162608590417,0.049977382956523916,0.14434236232173717,11.177897185804321
302,82.745605,-1.46014,294.913757,15.384436,-109.663506,95.363091,-53.206604,-6.128546,80.898865,18.962696,30.350611,-80.973557,12.032306474492552,-0.02220773704347819,0.05303236671303979,11.871086544770176
303,43.653683,39.104958,146.847122,4.615331,40.537952,26.725929,-63.036983,-118.584557,-37.869343,137.49881,82.542191,-105.26107,11.474730191870933,0.013564809689440852,0.10772185351552813,12.329226018850928
304,20.628105,115.296478,113.725136,1.384599,138.322388,-69.185226,-77.284096,-146.672363,84.672195,50.664646,68.071663,-52.291321,11.88748876561886,-0.004270042832297785,0.7543646776372299,12.763840123198753
305,17.486431,117.440941,43.532543,21.12838,-79.015282,-1.92557,-66.494232,148.064285,-21.673342,32.146393,-45.483498,-34.517395,13.080728776838471,0.02753995781366528,4.190828189870674,11.589834057919386
306,16.54393,63.477287,16.825764,19.519514,-83.960587,38.965328,-67.02327,70.781288,-66.758003,9.643918,46.61095,-14.121219,12.937647660177221,-0.00617535383851116,8.613734321732663,8.101127463136844
307,12.495179,145.204193,-25.080271,-5.442145,208.303818,81.360596,-65.298981,-44.670612,-121.709412,-4.638824,-6.729713,-60.726368,10.530950207499503,0.5602591800993411,12.46922208442107,4.463541299891369
308,31.993555,329.777252,-90.376076,9.665356,19.182144,-71.624817,-115.622696,-186.637192,91.531166,-10.806647,82.716087,-6.919911,6.929721024422258,3.799905550608568,14.90085326512167,3.221441046652204
309,-3.582932,368.202209,-25.229824,6.665606,62.244644,-66.679443,-157.081818,-251.823166,168.684341,137.983002,107.666824,61.946022,4.0667879396743425,9.967342392968959,15.421081184084473,2.1133304195031033
310,-29.319881,389.144653,-33.930946,13.297682,127.887398,-36.950836,-209.062546,-344.815979,99.563309,69.6399,120.801048,12.934807,2.184280761548777,15.14682719515508,13.910956338023743,0.46712540056846075
311,-46.455963,391.661407,164.939713,17.170305,132.51622,-212.566254,-215.24176,-338.819794,323.617004,-90.205032,79.549316,-261.622559,1.263397326776151,16.51994171309322,9.627579432894542,0.005122234009323252
312,-40.29879,407.480408,153.046906,16.449091,98.127869,-114.610886,-188.85054,-146.837936,193.118103,-55.306511,63.407795,-298.797791,1.3250855196157718,14.390489600745397,6.002573624792706,-0.009381163251552442
313,-83.643639,282.299133,285.055084,4.934728,29.438362,71.064728,-103.730164,18.08762,105.010437,2.238047,156.481339,-415.398346,1.908621648535206,14.719239736322967,4.103418805541622,-0.009163419239131412
314,-83.466087,60.210743,256.869507,1.480418,-17.530491,77.809418,-76.31105,52.501286,-194.456879,77.87442,263.48941,-444.729523,2.9376871113980507,16.155843270385063,4.011105223762731,-0.01934188118322908
315,-72.11483,-30.894777,86.475853,-7.087874,-182.261139,247.41983,-81.266312,149.44339,-212.743073,215.428314,312.538818,-419.634888,3.6998056198604083,16.216327197043512,4.198859164799998,-0.0032027359130459305
316,-40.464447,-126.014427,56.070755,-28.488361,-169.541351,251.227951,-24.379894,39.184021,-139.142929,300.003479,74.931648,-442.234467,4.0651343736907855,15.801404959478269,4.0645700103826075,-0.017988272888197973
317,14.222665,-156.433319,-81.094772,-23.610508,73.415604,156.337387,-7.313969,-59.798794,-98.23288,304.663055,331.291504,-437.716339,4.311757091938693,15.535951112397512,4.904118175756458,-0.015609135180125277
318,26.862799,-101.537003,34.044563,-18.381153,27.673681,5.47522,-0.311191,-19.822638,-65.246864,304.177917,180.356461,-455.190918,4.261996037779887,14.216872701391368,8.344505908618586,0.022744187322980548
319,28.771839,-218.761108,177.800369,-28.110344,61.026104,-49.198437,-1.976357,41.128208,-119.373062,296.500366,334.67392,-456.667297,3.7126422902036578,9.868952929068573,9.935370405298002,0.003868943142857574
320,29.344551,-331.131317,188.916122,-19.731102,308.289825,36.08147,-0.592907,85.775467,-67.822922,68.237114,418.629211,-421.333191,10.818664435353957,6.1395725484722234,14.855258486251984,-0.04045779676087105
321,-13.792633,-300.820404,139.52684,-17.217331,175.338959,-230.199554,-0.177872,-89.130356,-122.028885,86.376129,419.336792,-444.626984,15.297841772134399,2.9092454055901333,17.729401955510557,0.05991970167391245
322,-34.265789,107.468887,124.710052,-22.1122,39.420689,-189.571869,-0.053362,-34.271107,-68.619659,-36.226166,225.600037,-487.39209,15.721388772319997,1.3620914000000002,17.525814315400005,0.022789152499999986
